user_id,is_compromised
user_0000,0
user_0001,0
user_0002,0
user_0003,0
user_0004,0
user_0005,0
user_0006,0
user_0007,0
user_0008,0
user_0009,0
user_0010,0
user_0011,0
user_0012,0
user_0013,0
user_0014,0
user_0015,0
user_0016,0
user_0017,0
user_0018,0
user_0019,0
user_0020,0
user_0021,1
user_0022,0
user_0023,0
user_0024,0
user_0025,0
user_0026,0
user_0027,0
user_0028,0
user_0029,0
user_0030,0
user_0031,1
user_0032,0
user_0033,0
user_0034,1
user_0035,0
user_0036,0
user_0037,0
user_0038,0
user_0039,0
user_0040,0
user_0041,0
user_0042,0
user_0043,0
user_0044,0
user_0045,0
user_0046,0
user_0047,0
user_0048,0
user_0049,0
user_0050,0
user_0051,0
user_0052,0
user_0053,0
user_0054,0
user_0055,0
user_0056,0
user_0057,0
user_0058,0
user_0059,0
user_0060,0
user_0061,0
user_0062,0
user_0063,0
user_0064,0
user_0065,0
user_0066,0
user_0067,0
user_0068,0
user_0069,0
user_0070,0
user_0071,0
user_0072,0
user_0073,0
user_0074,0
user_0075,0
user_0076,0
user_0077,0
user_0078,0
user_0079,0
user_0080,0
user_0081,0
user_0082,1
user_0083,0
user_0084,0
user_0085,0
user_0086,0
user_0087,0
user_0088,0
user_0089,0
user_0090,0
user_0091,0
user_0092,0
user_0093,0
user_0094,0
user_0095,0
user_0096,0
user_0097,0
user_0098,0
user_0099,0
user_0100,0
user_0101,0
user_0102,0
user_0103,0
user_0104,0
user_0105,0
user_0106,0
user_0107,0
user_0108,0
user_0109,1
user_0110,0
user_0111,0
user_0112,0
user_0113,0
user_0114,0
user_0115,0
user_0116,0
user_0117,0
user_0118,0
user_0119,0
user_0120,0
user_0121,0
user_0122,0
user_0123,0
user_0124,0
user_0125,0
user_0126,0
user_0127,0
user_0128,0
user_0129,0
user_0130,0
user_0131,0
user_0132,0
user_0133,0
user_0134,0
user_0135,0
user_0136,0
user_0137,0
user_0138,0
user_0139,1
user_0140,0
user_0141,1
user_0142,0
user_0143,0
user_0144,1
user_0145,0
user_0146,0
user_0147,0
user_0148,0
user_0149,0
user_0150,0
user_0151,0
user_0152,0
user_0153,0
user_0154,0
user_0155,0
user_0156,0
user_0157,0
user_0158,0
user_0159,0
user_0160,0
user_0161,0
user_0162,0
user_0163,0
user_0164,0
user_0165,0
user_0166,0
user_0167,1
user_0168,0
user_0169,0
user_0170,0
user_0171,0
user_0172,0
user_0173,0
user_0174,0
user_0175,0
user_0176,0
user_0177,0
user_0178,0
user_0179,1
user_0180,0
user_0181,0
user_0182,0
user_0183,0
user_0184,0
user_0185,0
user_0186,0
user_0187,1
user_0188,1
user_0189,0
user_0190,0
user_0191,1
user_0192,0
user_0193,0
user_0194,0
user_0195,0
user_0196,0
user_0197,0
user_0198,0
user_0199,0
user_0200,0
user_0201,0
user_0202,0
user_0203,0
user_0204,0
user_0205,0
user_0206,0
user_0207,0
user_0208,0
user_0209,0
user_0210,0
user_0211,0
user_0212,0
user_0213,0
user_0214,0
user_0215,0
user_0216,0
user_0217,0
user_0218,0
user_0219,0
user_0220,0
user_0221,0
user_0222,0
user_0223,0
user_0224,0
user_0225,1
user_0226,0
user_0227,0
user_0228,0
user_0229,0
user_0230,0
user_0231,0
user_0232,0
user_0233,0
user_0234,0
user_0235,0
user_0236,1
user_0237,0
user_0238,0
user_0239,0
user_0240,0
user_0241,0
user_0242,0
user_0243,0
user_0244,0
user_0245,0
user_0246,0
user_0247,0
user_0248,0
user_0249,1
user_0250,0
user_0251,0
user_0252,0
user_0253,0
user_0254,0
user_0255,0
user_0256,1
user_0257,0
user_0258,0
user_0259,1
user_0260,1
user_0261,0
user_0262,0
user_0263,0
user_0264,0
user_0265,0
user_0266,0
user_0267,0
user_0268,0
user_0269,0
user_0270,0
user_0271,0
user_0272,0
user_0273,0
user_0274,0
user_0275,0
user_0276,0
user_0277,0
user_0278,0
user_0279,0
user_0280,0
user_0281,0
user_0282,0
user_0283,0
user_0284,0
user_0285,0
user_0286,0
user_0287,0
user_0288,0
user_0289,0
user_0290,0
user_0291,0
user_0292,1
user_0293,0
user_0294,0
user_0295,0
user_0296,0
user_0297,0
user_0298,0
user_0299,0
user_0300,0
user_0301,0
user_0302,0
user_0303,1
user_0304,0
user_0305,0
user_0306,0
user_0307,0
user_0308,0
user_0309,0
user_0310,0
user_0311,0
user_0312,0
user_0313,0
user_0314,0
user_0315,0
user_0316,0
user_0317,0
user_0318,0
user_0319,0
user_0320,0
user_0321,0
user_0322,0
user_0323,0
user_0324,0
user_0325,0
user_0326,0
user_0327,1
user_0328,0
user_0329,0
user_0330,0
user_0331,0
user_0332,0
user_0333,0
user_0334,0
user_0335,0
user_0336,0
user_0337,0
user_0338,0
user_0339,0
user_0340,0
user_0341,1
user_0342,0
user_0343,0
user_0344,1
user_0345,0
user_0346,0
user_0347,0
user_0348,0
user_0349,0
user_0350,0
user_0351,0
user_0352,1
user_0353,0
user_0354,0
user_0355,0
user_0356,0
user_0357,0
user_0358,0
user_0359,0
user_0360,0
user_0361,0
user_0362,0
user_0363,1
user_0364,0
user_0365,0
user_0366,0
user_0367,0
user_0368,0
user_0369,0
user_0370,0
user_0371,1
user_0372,0
user_0373,0
user_0374,0
user_0375,0
user_0376,0
user_0377,0
user_0378,0
user_0379,1
user_0380,1
user_0381,0
user_0382,1
user_0383,0
user_0384,0
user_0385,0
user_0386,0
user_0387,0
user_0388,0
user_0389,0
user_0390,0
user_0391,0
user_0392,0
user_0393,0
user_0394,0
user_0395,0
user_0396,0
user_0397,0
user_0398,0
user_0399,0
user_0400,0
user_0401,0
user_0402,0
user_0403,0
user_0404,0
user_0405,0
user_0406,0
user_0407,0
user_0408,0
user_0409,0
user_0410,0
user_0411,0
user_0412,0
user_0413,0
user_0414,0
user_0415,1
user_0416,0
user_0417,0
user_0418,0
user_0419,0
user_0420,0
user_0421,0
user_0422,0
user_0423,1
user_0424,0
user_0425,1
user_0426,0
user_0427,0
user_0428,0
user_0429,0
user_0430,0
user_0431,0
user_0432,0
user_0433,0
user_0434,0
user_0435,0
user_0436,0
user_0437,0
user_0438,0
user_0439,0
user_0440,0
user_0441,0
user_0442,0
user_0443,0
user_0444,0
user_0445,0
user_0446,0
user_0447,0
user_0448,0
user_0449,0
user_0450,1
user_0451,0
user_0452,0
user_0453,1
user_0454,0
user_0455,0
user_0456,0
user_0457,0
user_0458,0
user_0459,0
user_0460,0
user_0461,0
user_0462,0
user_0463,0
user_0464,0
user_0465,0
user_0466,0
user_0467,0
user_0468,0
user_0469,0
user_0470,0
user_0471,1
user_0472,0
user_0473,0
user_0474,0
user_0475,0
user_0476,0
user_0477,0
user_0478,0
user_0479,1
user_0480,0
user_0481,0
user_0482,0
user_0483,0
user_0484,0
user_0485,0
user_0486,0
user_0487,0
user_0488,0
user_0489,0
user_0490,0
user_0491,0
user_0492,0
user_0493,0
user_0494,0
user_0495,0
user_0496,0
user_0497,0
user_0498,0
user_0499,0
user_0500,0
user_0501,0
user_0502,0
user_0503,0
user_0504,0
user_0505,0
user_0506,0
user_0507,0
user_0508,0
user_0509,0
user_0510,0
user_0511,0
user_0512,0
user_0513,0
user_0514,0
user_0515,0
user_0516,1
user_0517,0
user_0518,0
user_0519,0
user_0520,0
user_0521,0
user_0522,0
user_0523,0
user_0524,0
user_0525,0
user_0526,0
user_0527,0
user_0528,0
user_0529,1
user_0530,0
user_0531,0
user_0532,0
user_0533,0
user_0534,0
user_0535,0
user_0536,0
user_0537,0
user_0538,0
user_0539,0
user_0540,0
user_0541,0
user_0542,0
user_0543,0
user_0544,0
user_0545,0
user_0546,0
user_0547,0
user_0548,0
user_0549,0
user_0550,0
user_0551,0
user_0552,0
user_0553,0
user_0554,0
user_0555,0
user_0556,0
user_0557,0
user_0558,0
user_0559,0
user_0560,0
user_0561,0
user_0562,0
user_0563,0
user_0564,0
user_0565,0
user_0566,0
user_0567,0
user_0568,0
user_0569,0
user_0570,0
user_0571,0
user_0572,0
user_0573,0
user_0574,0
user_0575,0
user_0576,0
user_0577,0
user_0578,0
user_0579,0
user_0580,0
user_0581,0
user_0582,0
user_0583,0
user_0584,0
user_0585,0
user_0586,1
user_0587,0
user_0588,0
user_0589,0
user_0590,0
user_0591,0
user_0592,0
user_0593,0
user_0594,0
user_0595,0
user_0596,0
user_0597,0
user_0598,0
user_0599,0
user_0600,1
user_0601,0
user_0602,0
user_0603,1
user_0604,0
user_0605,0
user_0606,0
user_0607,0
user_0608,0
user_0609,0
user_0610,0
user_0611,0
user_0612,1
user_0613,0
user_0614,0
user_0615,0
user_0616,0
user_0617,1
user_0618,0
user_0619,0
user_0620,0
user_0621,1
user_0622,0
user_0623,0
user_0624,0
user_0625,0
user_0626,0
user_0627,0
user_0628,0
user_0629,0
user_0630,0
user_0631,0
user_0632,0
user_0633,1
user_0634,0
user_0635,0
user_0636,0
user_0637,0
user_0638,0
user_0639,0
user_0640,0
user_0641,0
user_0642,0
user_0643,0
user_0644,0
user_0645,0
user_0646,1
user_0647,0
user_0648,0
user_0649,1
user_0650,0
user_0651,0
user_0652,0
user_0653,0
user_0654,0
user_0655,0
user_0656,0
user_0657,0
user_0658,0
user_0659,0
user_0660,0
user_0661,0
user_0662,0
user_0663,0
user_0664,1
user_0665,0
user_0666,1
user_0667,0
user_0668,0
user_0669,0
user_0670,0
user_0671,0
user_0672,0
user_0673,0
user_0674,0
user_0675,0
user_0676,0
user_0677,0
user_0678,0
user_0679,0
user_0680,0
user_0681,0
user_0682,0
user_0683,0
user_0684,0
user_0685,0
user_0686,0
user_0687,0
user_0688,0
user_0689,0
user_0690,0
user_0691,0
user_0692,0
user_0693,0
user_0694,0
user_0695,0
user_0696,0
user_0697,0
user_0698,0
user_0699,0
user_0700,1
user_0701,0
user_0702,0
user_0703,0
user_0704,0
user_0705,0
user_0706,0
user_0707,0
user_0708,0
user_0709,0
user_0710,0
user_0711,0
user_0712,0
user_0713,0
user_0714,0
user_0715,0
user_0716,0
user_0717,0
user_0718,0
user_0719,1
user_0720,0
user_0721,0
user_0722,0
user_0723,0
user_0724,0
user_0725,0
user_0726,0
user_0727,0
user_0728,0
user_0729,0
user_0730,0
user_0731,0
user_0732,0
user_0733,0
user_0734,0
user_0735,0
user_0736,0
user_0737,0
user_0738,0
user_0739,0
user_0740,0
user_0741,0
user_0742,0
user_0743,0
user_0744,0
user_0745,0
user_0746,0
user_0747,0
user_0748,0
user_0749,0
user_0750,0
user_0751,0
user_0752,0
user_0753,0
user_0754,0
user_0755,0
user_0756,0
user_0757,0
user_0758,0
user_0759,0
user_0760,0
user_0761,0
user_0762,0
user_0763,0
user_0764,0
user_0765,0
user_0766,0
user_0767,0
user_0768,0
user_0769,0
user_0770,0
user_0771,0
user_0772,1
user_0773,0
user_0774,0
user_0775,0
user_0776,0
user_0777,0
user_0778,0
user_0779,0
user_0780,0
user_0781,0
user_0782,0
user_0783,0
user_0784,0
user_0785,0
user_0786,0
user_0787,0
user_0788,0
user_0789,0
user_0790,0
user_0791,0
user_0792,0
user_0793,0
user_0794,0
user_0795,0
user_0796,0
user_0797,0
user_0798,0
user_0799,0
user_0800,0
user_0801,0
user_0802,0
user_0803,0
user_0804,0
user_0805,0
user_0806,0
user_0807,0
user_0808,0
user_0809,0
user_0810,0
user_0811,0
user_0812,0
user_0813,0
user_0814,0
user_0815,0
user_0816,0
user_0817,0
user_0818,0
user_0819,0
user_0820,0
user_0821,0
user_0822,0
user_0823,0
user_0824,0
user_0825,0
user_0826,0
user_0827,0
user_0828,0
user_0829,0
user_0830,0
user_0831,0
user_0832,0
user_0833,0
user_0834,0
user_0835,0
user_0836,0
user_0837,0
user_0838,1
user_0839,0
user_0840,0
user_0841,0
user_0842,0
user_0843,0
user_0844,0
user_0845,0
user_0846,0
user_0847,0
user_0848,0
user_0849,0
user_0850,0
user_0851,0
user_0852,0
user_0853,1
user_0854,1
user_0855,0
user_0856,0
user_0857,0
user_0858,0
user_0859,0
user_0860,0
user_0861,0
user_0862,1
user_0863,0
user_0864,0
user_0865,0
user_0866,0
user_0867,0
user_0868,0
user_0869,0
user_0870,0
user_0871,0
user_0872,0
user_0873,0
user_0874,0
user_0875,1
user_0876,0
user_0877,0
user_0878,0
user_0879,0
user_0880,0
user_0881,0
user_0882,0
user_0883,0
user_0884,0
user_0885,0
user_0886,0
user_0887,0
user_0888,1
user_0889,0
user_0890,0
user_0891,0
user_0892,0
user_0893,0
user_0894,0
user_0895,0
user_0896,0
user_0897,0
user_0898,0
user_0899,0
user_0900,0
user_0901,0
user_0902,0
user_0903,0
user_0904,0
user_0905,0
user_0906,0
user_0907,0
user_0908,0
user_0909,0
user_0910,0
user_0911,0
user_0912,0
user_0913,0
user_0914,1
user_0915,0
user_0916,0
user_0917,0
user_0918,0
user_0919,0
user_0920,0
user_0921,0
user_0922,0
user_0923,0
user_0924,0
user_0925,0
user_0926,0
user_0927,0
user_0928,0
user_0929,0
user_0930,0
user_0931,0
user_0932,0
user_0933,0
user_0934,0
user_0935,0
user_0936,0
user_0937,0
user_0938,0
user_0939,0
user_0940,0
user_0941,0
user_0942,0
user_0943,0
user_0944,0
user_0945,0
user_0946,0
user_0947,0
user_0948,0
user_0949,0
user_0950,0
user_0951,1
user_0952,0
user_0953,0
user_0954,0
user_0955,0
user_0956,0
user_0957,0
user_0958,0
user_0959,0
user_0960,0
user_0961,0
user_0962,0
user_0963,0
user_0964,0
user_0965,0
user_0966,0
user_0967,0
user_0968,0
user_0969,1
user_0970,0
user_0971,0
user_0972,0
user_0973,0
user_0974,0
user_0975,0
user_0976,0
user_0977,0
user_0978,0
user_0979,0
user_0980,1
user_0981,0
user_0982,0
user_0983,0
user_0984,0
user_0985,0
user_0986,0
user_0987,0
user_0988,0
user_0989,0
user_0990,0
user_0991,0
user_0992,0
user_0993,0
user_0994,0
user_0995,0
user_0996,0
user_0997,0
user_0998,0
user_0999,0
user_1000,0
user_1001,0
user_1002,0
user_1003,0
user_1004,0
user_1005,0
user_1006,0
user_1007,0
user_1008,0
user_1009,0
user_1010,0
user_1011,0
user_1012,0
user_1013,0
user_1014,0
user_1015,0
user_1016,0
user_1017,0
user_1018,0
user_1019,0
user_1020,0
user_1021,0
user_1022,0
user_1023,0
user_1024,0
user_1025,0
user_1026,0
user_1027,1
user_1028,1
user_1029,0
user_1030,0
user_1031,0
user_1032,0
user_1033,0
user_1034,0
user_1035,0
user_1036,0
user_1037,0
user_1038,0
user_1039,1
user_1040,0
user_1041,0
user_1042,0
user_1043,0
user_1044,0
user_1045,0
user_1046,0
user_1047,0
user_1048,0
user_1049,0
user_1050,1
user_1051,0
user_1052,0
user_1053,0
user_1054,0
user_1055,0
user_1056,0
user_1057,0
user_1058,0
user_1059,0
user_1060,0
user_1061,0
user_1062,0
user_1063,0
user_1064,0
user_1065,0
user_1066,0
user_1067,0
user_1068,0
user_1069,0
user_1070,0
user_1071,0
user_1072,0
user_1073,0
user_1074,0
user_1075,0
user_1076,0
user_1077,0
user_1078,0
user_1079,0
user_1080,0
user_1081,0
user_1082,0
user_1083,0
user_1084,0
user_1085,0
user_1086,0
user_1087,0
user_1088,0
user_1089,0
user_1090,1
user_1091,0
user_1092,0
user_1093,0
user_1094,0
user_1095,0
user_1096,0
user_1097,0
user_1098,0
user_1099,0
user_1100,0
user_1101,0
user_1102,0
user_1103,0
user_1104,0
user_1105,0
user_1106,1
user_1107,0
user_1108,0
user_1109,0
user_1110,0
user_1111,0
user_1112,0
user_1113,0
user_1114,0
user_1115,1
user_1116,0
user_1117,0
user_1118,0
user_1119,0
user_1120,0
user_1121,0
user_1122,0
user_1123,0
user_1124,0
user_1125,1
user_1126,0
user_1127,1
user_1128,0
user_1129,0
user_1130,0
user_1131,0
user_1132,0
user_1133,0
user_1134,0
user_1135,0
user_1136,0
user_1137,0
user_1138,0
user_1139,0
user_1140,0
user_1141,0
user_1142,0
user_1143,0
user_1144,0
user_1145,0
user_1146,0
user_1147,0
user_1148,0
user_1149,0
user_1150,0
user_1151,0
user_1152,0
user_1153,0
user_1154,0
user_1155,0
user_1156,0
user_1157,0
user_1158,0
user_1159,0
user_1160,0
user_1161,0
user_1162,0
user_1163,0
user_1164,0
user_1165,0
user_1166,0
user_1167,0
user_1168,0
user_1169,0
user_1170,0
user_1171,0
user_1172,0
user_1173,0
user_1174,1
user_1175,0
user_1176,0
user_1177,0
user_1178,0
user_1179,0
user_1180,0
user_1181,0
user_1182,0
user_1183,0
user_1184,0
user_1185,0
user_1186,0
user_1187,0
user_1188,0
user_1189,0
user_1190,0
user_1191,0
user_1192,0
user_1193,0
user_1194,0
user_1195,0
user_1196,0
user_1197,0
user_1198,0
user_1199,0
user_1200,0
user_1201,0
user_1202,1
user_1203,0
user_1204,0
user_1205,0
user_1206,0
user_1207,0
user_1208,0
user_1209,0
user_1210,0
user_1211,0
user_1212,0
user_1213,0
user_1214,1
user_1215,0
user_1216,0
user_1217,0
user_1218,0
user_1219,0
user_1220,0
user_1221,0
user_1222,0
user_1223,0
user_1224,0
user_1225,0
user_1226,0
user_1227,0
user_1228,0
user_1229,0
user_1230,0
user_1231,0
user_1232,0
user_1233,0
user_1234,1
user_1235,0
user_1236,0
user_1237,0
user_1238,0
user_1239,0
user_1240,0
user_1241,0
user_1242,0
user_1243,0
user_1244,0
user_1245,0
user_1246,0
user_1247,0
user_1248,0
user_1249,0
user_1250,0
user_1251,0
user_1252,0
user_1253,0
user_1254,0
user_1255,0
user_1256,0
user_1257,0
user_1258,0
user_1259,0
user_1260,0
user_1261,0
user_1262,0
user_1263,0
user_1264,0
user_1265,0
user_1266,0
user_1267,0
user_1268,0
user_1269,0
user_1270,0
user_1271,0
user_1272,0
user_1273,0
user_1274,0
user_1275,0
user_1276,0
user_1277,0
user_1278,0
user_1279,0
user_1280,0
user_1281,0
user_1282,0
user_1283,0
user_1284,0
user_1285,0
user_1286,0
user_1287,0
user_1288,0
user_1289,0
user_1290,0
user_1291,0
user_1292,1
user_1293,0
user_1294,0
user_1295,0
user_1296,0
user_1297,0
user_1298,0
user_1299,0
user_1300,0
user_1301,0
user_1302,1
user_1303,0
user_1304,0
user_1305,0
user_1306,0
user_1307,0
user_1308,0
user_1309,0
user_1310,0
user_1311,0
user_1312,0
user_1313,0
user_1314,0
user_1315,0
user_1316,1
user_1317,0
user_1318,0
user_1319,0
user_1320,0
user_1321,0
user_1322,0
user_1323,0
user_1324,0
user_1325,0
user_1326,0
user_1327,0
user_1328,0
user_1329,0
user_1330,0
user_1331,0
user_1332,0
user_1333,0
user_1334,0
user_1335,0
user_1336,0
user_1337,0
user_1338,0
user_1339,0
user_1340,0
user_1341,0
user_1342,0
user_1343,0
user_1344,0
user_1345,0
user_1346,0
user_1347,0
user_1348,0
user_1349,0
user_1350,1
user_1351,0
user_1352,0
user_1353,0
user_1354,0
user_1355,0
user_1356,0
user_1357,0
user_1358,0
user_1359,0
user_1360,0
user_1361,0
user_1362,0
user_1363,0
user_1364,0
user_1365,0
user_1366,0
user_1367,0
user_1368,0
user_1369,0
user_1370,0
user_1371,0
user_1372,0
user_1373,0
user_1374,0
user_1375,0
user_1376,0
user_1377,0
user_1378,0
user_1379,0
user_1380,0
user_1381,0
user_1382,0
user_1383,0
user_1384,0
user_1385,0
user_1386,0
user_1387,0
user_1388,0
user_1389,0
user_1390,0
user_1391,0
user_1392,0
user_1393,0
user_1394,0
user_1395,0
user_1396,0
user_1397,0
user_1398,0
user_1399,0
user_1400,0
user_1401,0
user_1402,0
user_1403,0
user_1404,0
user_1405,0
user_1406,0
user_1407,0
user_1408,0
user_1409,0
user_1410,0
user_1411,0
user_1412,0
user_1413,0
user_1414,0
user_1415,0
user_1416,1
user_1417,0
user_1418,0
user_1419,0
user_1420,0
user_1421,0
user_1422,0
user_1423,0
user_1424,0
user_1425,0
user_1426,1
user_1427,0
user_1428,0
user_1429,0
user_1430,0
user_1431,0
user_1432,0
user_1433,0
user_1434,1
user_1435,0
user_1436,0
user_1437,1
user_1438,0
user_1439,0
user_1440,0
user_1441,0
user_1442,0
user_1443,0
user_1444,0
user_1445,0
user_1446,0
user_1447,0
user_1448,0
user_1449,1
user_1450,0
user_1451,0
user_1452,0
user_1453,0
user_1454,0
user_1455,1
user_1456,0
user_1457,0
user_1458,0
user_1459,0
user_1460,0
user_1461,0
user_1462,0
user_1463,0
user_1464,0
user_1465,0
user_1466,0
user_1467,0
user_1468,0
user_1469,0
user_1470,0
user_1471,0
user_1472,0
user_1473,0
user_1474,0
user_1475,0
user_1476,0
user_1477,0
user_1478,0
user_1479,0
user_1480,0
user_1481,0
user_1482,0
user_1483,0
user_1484,0
user_1485,0
user_1486,0
user_1487,0
user_1488,0
user_1489,0
user_1490,0
user_1491,0
user_1492,0
user_1493,0
user_1494,0
user_1495,0
user_1496,0
user_1497,0
user_1498,0
user_1499,0
user_1500,0
user_1501,0
user_1502,0
user_1503,0
user_1504,0
user_1505,0
user_1506,0
user_1507,0
user_1508,0
user_1509,1
user_1510,0
user_1511,0
user_1512,0
user_1513,0
user_1514,0
user_1515,0
user_1516,0
user_1517,0
user_1518,0
user_1519,0
user_1520,0
user_1521,0
user_1522,0
user_1523,0
user_1524,0
user_1525,0
user_1526,0
user_1527,0
user_1528,0
user_1529,0
user_1530,0
user_1531,0
user_1532,0
user_1533,0
user_1534,0
user_1535,0
user_1536,0
user_1537,0
user_1538,0
user_1539,0
user_1540,0
user_1541,0
user_1542,0
user_1543,0
user_1544,0
user_1545,0
user_1546,0
user_1547,0
user_1548,0
user_1549,0
user_1550,0
user_1551,0
user_1552,0
user_1553,0
user_1554,0
user_1555,0
user_1556,0
user_1557,0
user_1558,0
user_1559,0
user_1560,0
user_1561,0
user_1562,0
user_1563,1
user_1564,0
user_1565,0
user_1566,0
user_1567,0
user_1568,0
user_1569,0
user_1570,0
user_1571,0
user_1572,0
user_1573,0
user_1574,0
user_1575,0
user_1576,0
user_1577,0
user_1578,0
user_1579,0
user_1580,0
user_1581,0
user_1582,0
user_1583,0
user_1584,0
user_1585,0
user_1586,0
user_1587,0
user_1588,0
user_1589,0
user_1590,0
user_1591,1
user_1592,0
user_1593,1
user_1594,0
user_1595,0
user_1596,0
user_1597,0
user_1598,0
user_1599,0
user_1600,0
user_1601,0
user_1602,0
user_1603,0
user_1604,0
user_1605,0
user_1606,0
user_1607,0
user_1608,0
user_1609,0
user_1610,0
user_1611,0
user_1612,0
user_1613,0
user_1614,0
user_1615,0
user_1616,0
user_1617,0
user_1618,0
user_1619,0
user_1620,0
user_1621,0
user_1622,0
user_1623,0
user_1624,0
user_1625,0
user_1626,0
user_1627,0
user_1628,0
user_1629,0
user_1630,0
user_1631,0
user_1632,0
user_1633,0
user_1634,0
user_1635,0
user_1636,0
user_1637,0
user_1638,0
user_1639,0
user_1640,0
user_1641,0
user_1642,1
user_1643,0
user_1644,0
user_1645,0
user_1646,0
user_1647,0
user_1648,0
user_1649,0
user_1650,0
user_1651,0
user_1652,0
user_1653,0
user_1654,0
user_1655,0
user_1656,0
user_1657,0
user_1658,0
user_1659,0
user_1660,0
user_1661,0
user_1662,0
user_1663,0
user_1664,0
user_1665,0
user_1666,0
user_1667,0
user_1668,0
user_1669,0
user_1670,0
user_1671,0
user_1672,0
user_1673,0
user_1674,0
user_1675,0
user_1676,0
user_1677,0
user_1678,0
user_1679,0
user_1680,0
user_1681,0
user_1682,0
user_1683,0
user_1684,0
user_1685,0
user_1686,0
user_1687,1
user_1688,0
user_1689,0
user_1690,0
user_1691,0
user_1692,0
user_1693,0
user_1694,1
user_1695,0
user_1696,0
user_1697,0
user_1698,0
user_1699,0
user_1700,0
user_1701,0
user_1702,0
user_1703,0
user_1704,0
user_1705,0
user_1706,0
user_1707,0
user_1708,0
user_1709,0
user_1710,0
user_1711,0
user_1712,0
user_1713,0
user_1714,0
user_1715,0
user_1716,0
user_1717,0
user_1718,0
user_1719,0
user_1720,0
user_1721,0
user_1722,0
user_1723,0
user_1724,0
user_1725,1
user_1726,0
user_1727,0
user_1728,0
user_1729,0
user_1730,0
user_1731,0
user_1732,0
user_1733,0
user_1734,0
user_1735,0
user_1736,0
user_1737,0
user_1738,0
user_1739,0
user_1740,0
user_1741,0
user_1742,0
user_1743,0
user_1744,0
user_1745,0
user_1746,0
user_1747,1
user_1748,0
user_1749,0
user_1750,1
user_1751,0
user_1752,0
user_1753,0
user_1754,0
user_1755,0
user_1756,0
user_1757,0
user_1758,1
user_1759,0
user_1760,0
user_1761,0
user_1762,0
user_1763,0
user_1764,0
user_1765,0
user_1766,0
user_1767,0
user_1768,1
user_1769,1
user_1770,0
user_1771,0
user_1772,0
user_1773,0
user_1774,0
user_1775,0
user_1776,0
user_1777,0
user_1778,0
user_1779,0
user_1780,0
user_1781,0
user_1782,0
user_1783,0
user_1784,0
user_1785,0
user_1786,0
user_1787,0
user_1788,0
user_1789,0
user_1790,0
user_1791,0
user_1792,0
user_1793,0
user_1794,0
user_1795,0
user_1796,0
user_1797,0
user_1798,0
user_1799,0
user_1800,0
user_1801,0
user_1802,0
user_1803,0
user_1804,1
user_1805,0
user_1806,0
user_1807,0
user_1808,0
user_1809,0
user_1810,0
user_1811,0
user_1812,1
user_1813,0
user_1814,0
user_1815,0
user_1816,0
user_1817,0
user_1818,0
user_1819,0
user_1820,0
user_1821,0
user_1822,0
user_1823,0
user_1824,0
user_1825,0
user_1826,0
user_1827,0
user_1828,0
user_1829,0
user_1830,0
user_1831,0
user_1832,0
user_1833,0
user_1834,0
user_1835,0
user_1836,0
user_1837,0
user_1838,0
user_1839,0
user_1840,0
user_1841,0
user_1842,0
user_1843,0
user_1844,0
user_1845,0
user_1846,0
user_1847,0
user_1848,0
user_1849,0
user_1850,0
user_1851,0
user_1852,0
user_1853,0
user_1854,0
user_1855,0
user_1856,0
user_1857,0
user_1858,0
user_1859,0
user_1860,0
user_1861,0
user_1862,0
user_1863,0
user_1864,0
user_1865,0
user_1866,0
user_1867,0
user_1868,0
user_1869,0
user_1870,0
user_1871,0
user_1872,0
user_1873,0
user_1874,0
user_1875,0
user_1876,0
user_1877,0
user_1878,0
user_1879,0
user_1880,0
user_1881,0
user_1882,0
user_1883,0
user_1884,0
user_1885,0
user_1886,0
user_1887,0
user_1888,0
user_1889,0
user_1890,0
user_1891,0
user_1892,0
user_1893,0
user_1894,0
user_1895,0
user_1896,0
user_1897,0
user_1898,0
user_1899,0
user_1900,0
user_1901,0
user_1902,0
user_1903,0
user_1904,0
user_1905,0
user_1906,0
user_1907,0
user_1908,0
user_1909,0
user_1910,0
user_1911,0
user_1912,0
user_1913,1
user_1914,0
user_1915,0
user_1916,0
user_1917,0
user_1918,0
user_1919,0
user_1920,0
user_1921,0
user_1922,0
user_1923,0
user_1924,0
user_1925,0
user_1926,0
user_1927,0
user_1928,0
user_1929,0
user_1930,0
user_1931,0
user_1932,0
user_1933,0
user_1934,0
user_1935,0
user_1936,0
user_1937,0
user_1938,0
user_1939,0
user_1940,0
user_1941,0
user_1942,0
user_1943,0
user_1944,0
user_1945,0
user_1946,0
user_1947,0
user_1948,0
user_1949,0
user_1950,0
user_1951,0
user_1952,0
user_1953,0
user_1954,0
user_1955,0
user_1956,0
user_1957,0
user_1958,0
user_1959,0
user_1960,0
user_1961,0
user_1962,0
user_1963,1
user_1964,0
user_1965,0
user_1966,0
user_1967,0
user_1968,0
user_1969,0
user_1970,0
user_1971,0
user_1972,0
user_1973,0
user_1974,0
user_1975,0
user_1976,0
user_1977,1
user_1978,0
user_1979,0
user_1980,0
user_1981,0
user_1982,0
user_1983,0
user_1984,0
user_1985,0
user_1986,0
user_1987,0
user_1988,0
user_1989,0
user_1990,0
user_1991,0
user_1992,0
user_1993,0
user_1994,0
user_1995,0
user_1996,0
user_1997,0
user_1998,0
user_1999,1
user_2000,0
user_2001,0
user_2002,0
user_2003,0
user_2004,0
user_2005,0
user_2006,0
user_2007,0
user_2008,0
user_2009,0
user_2010,0
user_2011,0
user_2012,0
user_2013,0
user_2014,0
user_2015,0
user_2016,0
user_2017,0
user_2018,0
user_2019,0
user_2020,1
user_2021,0
user_2022,0
user_2023,0
user_2024,0
user_2025,0
user_2026,0
user_2027,0
user_2028,0
user_2029,0
user_2030,0
user_2031,0
user_2032,0
user_2033,0
user_2034,0
user_2035,0
user_2036,0
user_2037,0
user_2038,0
user_2039,0
user_2040,0
user_2041,0
user_2042,0
user_2043,0
user_2044,0
user_2045,0
user_2046,0
user_2047,0
user_2048,0
user_2049,0
user_2050,0
user_2051,1
user_2052,0
user_2053,0
user_2054,1
user_2055,0
user_2056,0
user_2057,0
user_2058,0
user_2059,0
user_2060,0
user_2061,0
user_2062,0
user_2063,0
user_2064,0
user_2065,0
user_2066,0
user_2067,0
user_2068,0
user_2069,0
user_2070,0
user_2071,1
user_2072,0
user_2073,0
user_2074,0
user_2075,0
user_2076,1
user_2077,0
user_2078,0
user_2079,0
user_2080,0
user_2081,0
user_2082,0
user_2083,0
user_2084,0
user_2085,0
user_2086,0
user_2087,0
user_2088,0
user_2089,0
user_2090,0
user_2091,0
user_2092,1
user_2093,0
user_2094,0
user_2095,0
user_2096,0
user_2097,0
user_2098,0
user_2099,0
user_2100,0
user_2101,0
user_2102,0
user_2103,0
user_2104,1
user_2105,0
user_2106,0
user_2107,0
user_2108,0
user_2109,0
user_2110,0
user_2111,0
user_2112,0
user_2113,0
user_2114,0
user_2115,0
user_2116,0
user_2117,0
user_2118,0
user_2119,0
user_2120,0
user_2121,0
user_2122,0
user_2123,0
user_2124,0
user_2125,0
user_2126,0
user_2127,0
user_2128,0
user_2129,0
user_2130,0
user_2131,0
user_2132,0
user_2133,0
user_2134,0
user_2135,1
user_2136,0
user_2137,0
user_2138,0
user_2139,0
user_2140,0
user_2141,0
user_2142,0
user_2143,0
user_2144,0
user_2145,0
user_2146,0
user_2147,0
user_2148,0
user_2149,0
user_2150,0
user_2151,0
user_2152,0
user_2153,0
user_2154,0
user_2155,0
user_2156,0
user_2157,0
user_2158,0
user_2159,0
user_2160,0
user_2161,0
user_2162,0
user_2163,0
user_2164,0
user_2165,0
user_2166,0
user_2167,0
user_2168,0
user_2169,0
user_2170,0
user_2171,0
user_2172,0
user_2173,0
user_2174,0
user_2175,0
user_2176,0
user_2177,0
user_2178,0
user_2179,0
user_2180,0
user_2181,0
user_2182,0
user_2183,0
user_2184,0
user_2185,0
user_2186,0
user_2187,0
user_2188,0
user_2189,0
user_2190,0
user_2191,0
user_2192,0
user_2193,0
user_2194,0
user_2195,0
user_2196,0
user_2197,0
user_2198,0
user_2199,0
user_2200,0
user_2201,0
user_2202,0
user_2203,0
user_2204,0
user_2205,0
user_2206,1
user_2207,1
user_2208,0
user_2209,1
user_2210,0
user_2211,0
user_2212,0
user_2213,0
user_2214,0
user_2215,0
user_2216,0
user_2217,0
user_2218,0
user_2219,0
user_2220,0
user_2221,0
user_2222,0
user_2223,0
user_2224,0
user_2225,0
user_2226,0
user_2227,0
user_2228,0
user_2229,0
user_2230,0
user_2231,0
user_2232,0
user_2233,0
user_2234,0
user_2235,0
user_2236,0
user_2237,0
user_2238,0
user_2239,0
user_2240,0
user_2241,0
user_2242,0
user_2243,0
user_2244,0
user_2245,0
user_2246,0
user_2247,0
user_2248,0
user_2249,0
user_2250,0
user_2251,0
user_2252,0
user_2253,1
user_2254,0
user_2255,0
user_2256,0
user_2257,0
user_2258,0
user_2259,0
user_2260,0
user_2261,1
user_2262,0
user_2263,0
user_2264,0
user_2265,0
user_2266,0
user_2267,0
user_2268,0
user_2269,0
user_2270,0
user_2271,0
user_2272,0
user_2273,0
user_2274,0
user_2275,0
user_2276,0
user_2277,0
user_2278,0
user_2279,0
user_2280,0
user_2281,0
user_2282,0
user_2283,0
user_2284,0
user_2285,0
user_2286,0
user_2287,1
user_2288,0
user_2289,0
user_2290,0
user_2291,0
user_2292,0
user_2293,0
user_2294,0
user_2295,0
user_2296,0
user_2297,0
user_2298,0
user_2299,0
user_2300,0
user_2301,0
user_2302,1
user_2303,0
user_2304,0
user_2305,0
user_2306,0
user_2307,0
user_2308,0
user_2309,0
user_2310,0
user_2311,0
user_2312,0
user_2313,0
user_2314,0
user_2315,0
user_2316,0
user_2317,0
user_2318,0
user_2319,0
user_2320,1
user_2321,0
user_2322,0
user_2323,0
user_2324,0
user_2325,0
user_2326,0
user_2327,0
user_2328,0
user_2329,0
user_2330,0
user_2331,0
user_2332,0
user_2333,0
user_2334,0
user_2335,0
user_2336,0
user_2337,0
user_2338,1
user_2339,0
user_2340,0
user_2341,0
user_2342,0
user_2343,0
user_2344,0
user_2345,0
user_2346,0
user_2347,0
user_2348,0
user_2349,0
user_2350,0
user_2351,0
user_2352,0
user_2353,0
user_2354,0
user_2355,1
user_2356,0
user_2357,0
user_2358,0
user_2359,1
user_2360,0
user_2361,0
user_2362,0
user_2363,0
user_2364,0
user_2365,0
user_2366,0
user_2367,0
user_2368,0
user_2369,0
user_2370,0
user_2371,0
user_2372,0
user_2373,0
user_2374,0
user_2375,0
user_2376,0
user_2377,0
user_2378,0
user_2379,0
user_2380,0
user_2381,0
user_2382,0
user_2383,0
user_2384,0
user_2385,0
user_2386,1
user_2387,0
user_2388,0
user_2389,0
user_2390,0
user_2391,0
user_2392,0
user_2393,0
user_2394,0
user_2395,0
user_2396,0
user_2397,0
user_2398,0
user_2399,0
user_2400,0
user_2401,0
user_2402,0
user_2403,0
user_2404,0
user_2405,0
user_2406,0
user_2407,1
user_2408,0
user_2409,0
user_2410,0
user_2411,0
user_2412,0
user_2413,0
user_2414,0
user_2415,0
user_2416,0
user_2417,1
user_2418,0
user_2419,0
user_2420,0
user_2421,0
user_2422,0
user_2423,0
user_2424,0
user_2425,0
user_2426,0
user_2427,0
user_2428,0
user_2429,0
user_2430,0
user_2431,0
user_2432,0
user_2433,0
user_2434,0
user_2435,0
user_2436,0
user_2437,0
user_2438,0
user_2439,0
user_2440,0
user_2441,0
user_2442,0
user_2443,0
user_2444,0
user_2445,0
user_2446,0
user_2447,0
user_2448,0
user_2449,0
user_2450,0
user_2451,0
user_2452,0
user_2453,0
user_2454,0
user_2455,0
user_2456,0
user_2457,0
user_2458,0
user_2459,0
user_2460,0
user_2461,0
user_2462,0
user_2463,0
user_2464,0
user_2465,0
user_2466,0
user_2467,0
user_2468,0
user_2469,0
user_2470,1
user_2471,0
user_2472,0
user_2473,1
user_2474,0
user_2475,0
user_2476,0
user_2477,0
user_2478,0
user_2479,0
user_2480,0
user_2481,0
user_2482,0
user_2483,0
user_2484,0
user_2485,0
user_2486,0
user_2487,0
user_2488,0
user_2489,0
user_2490,0
user_2491,1
user_2492,0
user_2493,0
user_2494,0
user_2495,0
user_2496,0
user_2497,0
user_2498,0
user_2499,1
user_2500,0
user_2501,0
user_2502,0
user_2503,0
user_2504,0
user_2505,0
user_2506,0
user_2507,0
user_2508,0
user_2509,0
user_2510,0
user_2511,0
user_2512,0
user_2513,0
user_2514,0
user_2515,0
user_2516,0
user_2517,0
user_2518,0
user_2519,0
user_2520,0
user_2521,0
user_2522,0
user_2523,0
user_2524,0
user_2525,1
user_2526,0
user_2527,0
user_2528,0
user_2529,0
user_2530,0
user_2531,0
user_2532,0
user_2533,0
user_2534,1
user_2535,0
user_2536,0
user_2537,0
user_2538,0
user_2539,0
user_2540,0
user_2541,0
user_2542,0
user_2543,0
user_2544,0
user_2545,0
user_2546,0
user_2547,0
user_2548,0
user_2549,0
user_2550,0
user_2551,0
user_2552,0
user_2553,0
user_2554,0
user_2555,0
user_2556,0
user_2557,0
user_2558,0
user_2559,1
user_2560,0
user_2561,0
user_2562,0
user_2563,0
user_2564,0
user_2565,0
user_2566,0
user_2567,0
user_2568,0
user_2569,1
user_2570,0
user_2571,0
user_2572,0
user_2573,0
user_2574,0
user_2575,0
user_2576,0
user_2577,0
user_2578,0
user_2579,0
user_2580,0
user_2581,0
user_2582,0
user_2583,1
user_2584,0
user_2585,0
user_2586,0
user_2587,0
user_2588,0
user_2589,0
user_2590,0
user_2591,0
user_2592,0
user_2593,0
user_2594,0
user_2595,0
user_2596,0
user_2597,0
user_2598,0
user_2599,0
user_2600,0
user_2601,0
user_2602,0
user_2603,0
user_2604,0
user_2605,1
user_2606,0
user_2607,0
user_2608,0
user_2609,0
user_2610,0
user_2611,0
user_2612,0
user_2613,0
user_2614,0
user_2615,1
user_2616,0
user_2617,0
user_2618,0
user_2619,1
user_2620,0
user_2621,0
user_2622,0
user_2623,0
user_2624,0
user_2625,0
user_2626,0
user_2627,0
user_2628,1
user_2629,0
user_2630,0
user_2631,0
user_2632,0
user_2633,0
user_2634,0
user_2635,0
user_2636,0
user_2637,0
user_2638,0
user_2639,1
user_2640,0
user_2641,1
user_2642,0
user_2643,0
user_2644,0
user_2645,0
user_2646,0
user_2647,0
user_2648,0
user_2649,0
user_2650,0
user_2651,0
user_2652,0
user_2653,0
user_2654,1
user_2655,0
user_2656,1
user_2657,0
user_2658,0
user_2659,0
user_2660,0
user_2661,0
user_2662,0
user_2663,0
user_2664,0
user_2665,0
user_2666,0
user_2667,0
user_2668,0
user_2669,0
user_2670,0
user_2671,0
user_2672,0
user_2673,0
user_2674,0
user_2675,0
user_2676,0
user_2677,0
user_2678,0
user_2679,0
user_2680,0
user_2681,0
user_2682,0
user_2683,0
user_2684,0
user_2685,0
user_2686,0
user_2687,0
user_2688,0
user_2689,0
user_2690,0
user_2691,0
user_2692,0
user_2693,0
user_2694,0
user_2695,0
user_2696,0
user_2697,0
user_2698,0
user_2699,0
user_2700,0
user_2701,0
user_2702,0
user_2703,0
user_2704,0
user_2705,0
user_2706,1
user_2707,0
user_2708,0
user_2709,0
user_2710,0
user_2711,0
user_2712,0
user_2713,0
user_2714,0
user_2715,0
user_2716,0
user_2717,1
user_2718,0
user_2719,0
user_2720,0
user_2721,0
user_2722,0
user_2723,1
user_2724,0
user_2725,0
user_2726,0
user_2727,0
user_2728,0
user_2729,0
user_2730,0
user_2731,0
user_2732,0
user_2733,0
user_2734,1
user_2735,0
user_2736,0
user_2737,0
user_2738,0
user_2739,0
user_2740,0
user_2741,0
user_2742,0
user_2743,0
user_2744,0
user_2745,0
user_2746,0
user_2747,0
user_2748,0
user_2749,0
user_2750,0
user_2751,0
user_2752,0
user_2753,0
user_2754,0
user_2755,0
user_2756,1
user_2757,0
user_2758,0
user_2759,0
user_2760,0
user_2761,0
user_2762,0
user_2763,0
user_2764,0
user_2765,0
user_2766,0
user_2767,0
user_2768,0
user_2769,0
user_2770,0
user_2771,0
user_2772,0
user_2773,0
user_2774,0
user_2775,0
user_2776,0
user_2777,0
user_2778,0
user_2779,1
user_2780,0
user_2781,0
user_2782,0
user_2783,0
user_2784,0
user_2785,0
user_2786,0
user_2787,0
user_2788,0
user_2789,0
user_2790,0
user_2791,0
user_2792,0
user_2793,0
user_2794,0
user_2795,0
user_2796,0
user_2797,1
user_2798,0
user_2799,0
user_2800,0
user_2801,0
user_2802,0
user_2803,0
user_2804,0
user_2805,0
user_2806,0
user_2807,0
user_2808,0
user_2809,1
user_2810,0
user_2811,0
user_2812,0
user_2813,0
user_2814,0
user_2815,0
user_2816,0
user_2817,0
user_2818,0
user_2819,0
user_2820,0
user_2821,0
user_2822,0
user_2823,0
user_2824,0
user_2825,0
user_2826,1
user_2827,0
user_2828,0
user_2829,0
user_2830,0
user_2831,0
user_2832,0
user_2833,0
user_2834,0
user_2835,0
user_2836,0
user_2837,0
user_2838,0
user_2839,0
user_2840,0
user_2841,0
user_2842,0
user_2843,0
user_2844,1
user_2845,0
user_2846,0
user_2847,0
user_2848,0
user_2849,0
user_2850,0
user_2851,0
user_2852,0
user_2853,0
user_2854,0
user_2855,0
user_2856,0
user_2857,0
user_2858,0
user_2859,0
user_2860,0
user_2861,0
user_2862,0
user_2863,0
user_2864,0
user_2865,0
user_2866,0
user_2867,0
user_2868,0
user_2869,0
user_2870,0
user_2871,0
user_2872,0
user_2873,0
user_2874,0
user_2875,0
user_2876,0
user_2877,0
user_2878,0
user_2879,0
user_2880,0
user_2881,0
user_2882,0
user_2883,0
user_2884,0
user_2885,0
user_2886,0
user_2887,0
user_2888,0
user_2889,0
user_2890,0
user_2891,0
user_2892,0
user_2893,0
user_2894,0
user_2895,0
user_2896,0
user_2897,0
user_2898,0
user_2899,0
user_2900,0
user_2901,0
user_2902,0
user_2903,0
user_2904,0
user_2905,0
user_2906,0
user_2907,0
user_2908,0
user_2909,0
user_2910,0
user_2911,0
user_2912,0
user_2913,0
user_2914,0
user_2915,0
user_2916,0
user_2917,0
user_2918,0
user_2919,0
user_2920,0
user_2921,0
user_2922,0
user_2923,0
user_2924,0
user_2925,0
user_2926,0
user_2927,0
user_2928,0
user_2929,0
user_2930,0
user_2931,0
user_2932,0
user_2933,0
user_2934,0
user_2935,0
user_2936,0
user_2937,0
user_2938,0
user_2939,0
user_2940,0
user_2941,0
user_2942,0
user_2943,0
user_2944,0
user_2945,0
user_2946,0
user_2947,1
user_2948,0
user_2949,0
user_2950,0
user_2951,0
user_2952,0
user_2953,0
user_2954,0
user_2955,0
user_2956,0
user_2957,0
user_2958,0
user_2959,0
user_2960,0
user_2961,0
user_2962,0
user_2963,0
user_2964,0
user_2965,0
user_2966,0
user_2967,0
user_2968,0
user_2969,0
user_2970,0
user_2971,0
user_2972,0
user_2973,0
user_2974,0
user_2975,0
user_2976,0
user_2977,0
user_2978,0
user_2979,0
user_2980,0
user_2981,0
user_2982,0
user_2983,0
user_2984,0
user_2985,0
user_2986,0
user_2987,1
user_2988,0
user_2989,0
user_2990,1
user_2991,0
user_2992,0
user_2993,0
user_2994,0
user_2995,0
user_2996,0
user_2997,0
user_2998,0
user_2999,0
user_3000,0
user_3001,0
user_3002,0
user_3003,0
user_3004,0
user_3005,0
user_3006,0
user_3007,0
user_3008,0
user_3009,0
user_3010,0
user_3011,0
user_3012,0
user_3013,0
user_3014,0
user_3015,1
user_3016,0
user_3017,0
user_3018,0
user_3019,0
user_3020,0
user_3021,0
user_3022,0
user_3023,0
user_3024,0
user_3025,0
user_3026,0
user_3027,0
user_3028,0
user_3029,0
user_3030,0
user_3031,0
user_3032,0
user_3033,0
user_3034,1
user_3035,0
user_3036,0
user_3037,0
user_3038,0
user_3039,0
user_3040,0
user_3041,0
user_3042,0
user_3043,0
user_3044,0
user_3045,0
user_3046,0
user_3047,0
user_3048,0
user_3049,0
user_3050,1
user_3051,0
user_3052,0
user_3053,0
user_3054,0
user_3055,0
user_3056,0
user_3057,0
user_3058,0
user_3059,0
user_3060,0
user_3061,0
user_3062,0
user_3063,0
user_3064,0
user_3065,1
user_3066,0
user_3067,0
user_3068,0
user_3069,0
user_3070,0
user_3071,0
user_3072,0
user_3073,0
user_3074,0
user_3075,0
user_3076,0
user_3077,0
user_3078,0
user_3079,0
user_3080,0
user_3081,0
user_3082,0
user_3083,0
user_3084,0
user_3085,0
user_3086,0
user_3087,0
user_3088,0
user_3089,0
user_3090,0
user_3091,0
user_3092,0
user_3093,0
user_3094,0
user_3095,0
user_3096,0
user_3097,0
user_3098,0
user_3099,0
user_3100,0
user_3101,0
user_3102,0
user_3103,0
user_3104,0
user_3105,0
user_3106,0
user_3107,0
user_3108,0
user_3109,0
user_3110,0
user_3111,0
user_3112,0
user_3113,0
user_3114,0
user_3115,0
user_3116,0
user_3117,0
user_3118,0
user_3119,0
user_3120,0
user_3121,0
user_3122,0
user_3123,0
user_3124,0
user_3125,0
user_3126,0
user_3127,0
user_3128,0
user_3129,1
user_3130,0
user_3131,0
user_3132,0
user_3133,0
user_3134,0
user_3135,0
user_3136,0
user_3137,0
user_3138,0
user_3139,0
user_3140,1
user_3141,1
user_3142,0
user_3143,1
user_3144,0
user_3145,0
user_3146,0
user_3147,0
user_3148,0
user_3149,0
user_3150,0
user_3151,0
user_3152,0
user_3153,0
user_3154,0
user_3155,0
user_3156,0
user_3157,0
user_3158,0
user_3159,0
user_3160,0
user_3161,0
user_3162,0
user_3163,1
user_3164,0
user_3165,1
user_3166,0
user_3167,0
user_3168,0
user_3169,0
user_3170,0
user_3171,0
user_3172,0
user_3173,0
user_3174,0
user_3175,1
user_3176,0
user_3177,0
user_3178,0
user_3179,0
user_3180,0
user_3181,0
user_3182,0
user_3183,1
user_3184,0
user_3185,0
user_3186,1
user_3187,0
user_3188,0
user_3189,0
user_3190,0
user_3191,0
user_3192,0
user_3193,0
user_3194,0
user_3195,0
user_3196,0
user_3197,0
user_3198,0
user_3199,0
user_3200,0
user_3201,1
user_3202,0
user_3203,0
user_3204,0
user_3205,0
user_3206,0
user_3207,0
user_3208,1
user_3209,0
user_3210,0
user_3211,0
user_3212,0
user_3213,0
user_3214,0
user_3215,0
user_3216,0
user_3217,0
user_3218,0
user_3219,0
user_3220,0
user_3221,0
user_3222,0
user_3223,0
user_3224,0
user_3225,0
user_3226,0
user_3227,0
user_3228,0
user_3229,0
user_3230,0
user_3231,0
user_3232,0
user_3233,0
user_3234,0
user_3235,0
user_3236,0
user_3237,0
user_3238,0
user_3239,0
user_3240,0
user_3241,0
user_3242,0
user_3243,1
user_3244,0
user_3245,0
user_3246,0
user_3247,0
user_3248,0
user_3249,0
user_3250,0
user_3251,0
user_3252,0
user_3253,0
user_3254,0
user_3255,0
user_3256,0
user_3257,0
user_3258,0
user_3259,0
user_3260,0
user_3261,0
user_3262,0
user_3263,0
user_3264,0
user_3265,0
user_3266,0
user_3267,0
user_3268,0
user_3269,0
user_3270,0
user_3271,0
user_3272,0
user_3273,0
user_3274,0
user_3275,0
user_3276,0
user_3277,0
user_3278,0
user_3279,0
user_3280,0
user_3281,0
user_3282,0
user_3283,0
user_3284,0
user_3285,0
user_3286,0
user_3287,0
user_3288,0
user_3289,0
user_3290,0
user_3291,0
user_3292,0
user_3293,0
user_3294,0
user_3295,0
user_3296,0
user_3297,0
user_3298,0
user_3299,0
user_3300,0
user_3301,0
user_3302,0
user_3303,0
user_3304,0
user_3305,0
user_3306,0
user_3307,0
user_3308,0
user_3309,0
user_3310,0
user_3311,0
user_3312,0
user_3313,0
user_3314,0
user_3315,0
user_3316,0
user_3317,0
user_3318,0
user_3319,0
user_3320,0
user_3321,0
user_3322,0
user_3323,0
user_3324,0
user_3325,0
user_3326,0
user_3327,0
user_3328,0
user_3329,0
user_3330,0
user_3331,0
user_3332,0
user_3333,0
user_3334,0
user_3335,0
user_3336,0
user_3337,0
user_3338,0
user_3339,0
user_3340,0
user_3341,0
user_3342,0
user_3343,0
user_3344,0
user_3345,0
user_3346,0
user_3347,0
user_3348,0
user_3349,0
user_3350,0
user_3351,0
user_3352,0
user_3353,0
user_3354,0
user_3355,0
user_3356,0
user_3357,0
user_3358,0
user_3359,0
user_3360,0
user_3361,0
user_3362,0
user_3363,0
user_3364,0
user_3365,0
user_3366,0
user_3367,0
user_3368,0
user_3369,0
user_3370,0
user_3371,0
user_3372,0
user_3373,0
user_3374,0
user_3375,0
user_3376,0
user_3377,0
user_3378,0
user_3379,0
user_3380,0
user_3381,0
user_3382,0
user_3383,0
user_3384,0
user_3385,0
user_3386,0
user_3387,0
user_3388,0
user_3389,1
user_3390,0
user_3391,0
user_3392,0
user_3393,0
user_3394,0
user_3395,0
user_3396,0
user_3397,0
user_3398,0
user_3399,0
user_3400,0
user_3401,0
user_3402,0
user_3403,0
user_3404,1
user_3405,0
user_3406,0
user_3407,1
user_3408,1
user_3409,0
user_3410,0
user_3411,1
user_3412,0
user_3413,0
user_3414,0
user_3415,0
user_3416,0
user_3417,0
user_3418,0
user_3419,0
user_3420,0
user_3421,1
user_3422,0
user_3423,0
user_3424,0
user_3425,0
user_3426,0
user_3427,0
user_3428,0
user_3429,0
user_3430,0
user_3431,0
user_3432,0
user_3433,0
user_3434,0
user_3435,0
user_3436,0
user_3437,0
user_3438,0
user_3439,0
user_3440,0
user_3441,0
user_3442,0
user_3443,0
user_3444,0
user_3445,0
user_3446,0
user_3447,0
user_3448,0
user_3449,0
user_3450,0
user_3451,0
user_3452,0
user_3453,0
user_3454,0
user_3455,1
user_3456,0
user_3457,0
user_3458,0
user_3459,0
user_3460,0
user_3461,0
user_3462,0
user_3463,1
user_3464,0
user_3465,0
user_3466,0
user_3467,0
user_3468,0
user_3469,0
user_3470,0
user_3471,0
user_3472,0
user_3473,0
user_3474,1
user_3475,0
user_3476,0
user_3477,0
user_3478,0
user_3479,0
user_3480,0
user_3481,0
user_3482,0
user_3483,0
user_3484,0
user_3485,0
user_3486,0
user_3487,0
user_3488,0
user_3489,0
user_3490,0
user_3491,0
user_3492,0
user_3493,0
user_3494,0
user_3495,0
user_3496,0
user_3497,0
user_3498,0
user_3499,0
user_3500,0
user_3501,0
user_3502,0
user_3503,0
user_3504,0
user_3505,0
user_3506,0
user_3507,0
user_3508,0
user_3509,0
user_3510,0
user_3511,0
user_3512,0
user_3513,0
user_3514,0
user_3515,0
user_3516,0
user_3517,0
user_3518,0
user_3519,0
user_3520,0
user_3521,0
user_3522,0
user_3523,0
user_3524,0
user_3525,0
user_3526,0
user_3527,0
user_3528,0
user_3529,0
user_3530,1
user_3531,0
user_3532,0
user_3533,0
user_3534,0
user_3535,0
user_3536,0
user_3537,0
user_3538,0
user_3539,0
user_3540,0
user_3541,0
user_3542,0
user_3543,0
user_3544,0
user_3545,1
user_3546,0
user_3547,0
user_3548,0
user_3549,0
user_3550,0
user_3551,0
user_3552,0
user_3553,0
user_3554,0
user_3555,0
user_3556,0
user_3557,0
user_3558,0
user_3559,0
user_3560,0
user_3561,0
user_3562,1
user_3563,0
user_3564,0
user_3565,0
user_3566,0
user_3567,0
user_3568,0
user_3569,0
user_3570,0
user_3571,0
user_3572,0
user_3573,0
user_3574,0
user_3575,0
user_3576,0
user_3577,0
user_3578,0
user_3579,0
user_3580,0
user_3581,0
user_3582,0
user_3583,0
user_3584,0
user_3585,0
user_3586,0
user_3587,0
user_3588,1
user_3589,1
user_3590,0
user_3591,0
user_3592,0
user_3593,1
user_3594,0
user_3595,0
user_3596,0
user_3597,0
user_3598,0
user_3599,0
user_3600,0
user_3601,0
user_3602,0
user_3603,0
user_3604,0
user_3605,0
user_3606,0
user_3607,1
user_3608,0
user_3609,0
user_3610,0
user_3611,0
user_3612,0
user_3613,0
user_3614,0
user_3615,0
user_3616,0
user_3617,0
user_3618,0
user_3619,0
user_3620,0
user_3621,0
user_3622,0
user_3623,0
user_3624,0
user_3625,0
user_3626,0
user_3627,0
user_3628,0
user_3629,0
user_3630,0
user_3631,0
user_3632,0
user_3633,0
user_3634,0
user_3635,0
user_3636,0
user_3637,0
user_3638,0
user_3639,0
user_3640,0
user_3641,0
user_3642,0
user_3643,0
user_3644,0
user_3645,0
user_3646,0
user_3647,0
user_3648,0
user_3649,0
user_3650,0
user_3651,0
user_3652,0
user_3653,0
user_3654,1
user_3655,0
user_3656,1
user_3657,0
user_3658,0
user_3659,0
user_3660,0
user_3661,0
user_3662,0
user_3663,0
user_3664,0
user_3665,0
user_3666,0
user_3667,0
user_3668,0
user_3669,0
user_3670,0
user_3671,1
user_3672,0
user_3673,0
user_3674,0
user_3675,0
user_3676,0
user_3677,0
user_3678,0
user_3679,0
user_3680,0
user_3681,0
user_3682,0
user_3683,0
user_3684,0
user_3685,0
user_3686,0
user_3687,0
user_3688,0
user_3689,0
user_3690,0
user_3691,0
user_3692,0
user_3693,0
user_3694,0
user_3695,0
user_3696,0
user_3697,0
user_3698,0
user_3699,0
user_3700,0
user_3701,0
user_3702,0
user_3703,0
user_3704,0
user_3705,0
user_3706,1
user_3707,0
user_3708,0
user_3709,0
user_3710,0
user_3711,0
user_3712,0
user_3713,0
user_3714,0
user_3715,0
user_3716,0
user_3717,0
user_3718,0
user_3719,0
user_3720,0
user_3721,0
user_3722,0
user_3723,0
user_3724,1
user_3725,0
user_3726,0
user_3727,0
user_3728,0
user_3729,0
user_3730,0
user_3731,0
user_3732,1
user_3733,0
user_3734,0
user_3735,0
user_3736,0
user_3737,0
user_3738,0
user_3739,0
user_3740,0
user_3741,0
user_3742,0
user_3743,0
user_3744,0
user_3745,0
user_3746,0
user_3747,0
user_3748,0
user_3749,0
user_3750,0
user_3751,0
user_3752,0
user_3753,0
user_3754,0
user_3755,0
user_3756,0
user_3757,1
user_3758,0
user_3759,0
user_3760,0
user_3761,0
user_3762,0
user_3763,0
user_3764,1
user_3765,0
user_3766,0
user_3767,0
user_3768,0
user_3769,0
user_3770,0
user_3771,0
user_3772,0
user_3773,0
user_3774,0
user_3775,0
user_3776,0
user_3777,0
user_3778,0
user_3779,0
user_3780,0
user_3781,0
user_3782,0
user_3783,0
user_3784,0
user_3785,0
user_3786,0
user_3787,0
user_3788,0
user_3789,0
user_3790,0
user_3791,0
user_3792,0
user_3793,0
user_3794,1
user_3795,0
user_3796,0
user_3797,0
user_3798,0
user_3799,0
user_3800,0
user_3801,0
user_3802,0
user_3803,0
user_3804,0
user_3805,0
user_3806,0
user_3807,0
user_3808,0
user_3809,0
user_3810,0
user_3811,0
user_3812,0
user_3813,0
user_3814,0
user_3815,0
user_3816,0
user_3817,0
user_3818,0
user_3819,0
user_3820,0
user_3821,0
user_3822,0
user_3823,0
user_3824,0
user_3825,0
user_3826,0
user_3827,0
user_3828,0
user_3829,0
user_3830,0
user_3831,0
user_3832,0
user_3833,0
user_3834,0
user_3835,0
user_3836,0
user_3837,0
user_3838,1
user_3839,0
user_3840,0
user_3841,0
user_3842,0
user_3843,0
user_3844,0
user_3845,0
user_3846,0
user_3847,0
user_3848,0
user_3849,0
user_3850,0
user_3851,0
user_3852,0
user_3853,0
user_3854,1
user_3855,0
user_3856,0
user_3857,0
user_3858,0
user_3859,0
user_3860,0
user_3861,0
user_3862,0
user_3863,0
user_3864,0
user_3865,0
user_3866,0
user_3867,0
user_3868,0
user_3869,0
user_3870,0
user_3871,0
user_3872,0
user_3873,0
user_3874,0
user_3875,0
user_3876,0
user_3877,0
user_3878,0
user_3879,1
user_3880,0
user_3881,0
user_3882,0
user_3883,0
user_3884,0
user_3885,0
user_3886,0
user_3887,1
user_3888,0
user_3889,0
user_3890,0
user_3891,0
user_3892,0
user_3893,1
user_3894,0
user_3895,0
user_3896,0
user_3897,0
user_3898,0
user_3899,0
user_3900,0
user_3901,0
user_3902,0
user_3903,0
user_3904,0
user_3905,0
user_3906,0
user_3907,0
user_3908,0
user_3909,0
user_3910,0
user_3911,0
user_3912,0
user_3913,0
user_3914,0
user_3915,0
user_3916,0
user_3917,0
user_3918,0
user_3919,0
user_3920,0
user_3921,0
user_3922,0
user_3923,0
user_3924,0
user_3925,0
user_3926,1
user_3927,0
user_3928,0
user_3929,0
user_3930,0
user_3931,0
user_3932,0
user_3933,0
user_3934,0
user_3935,0
user_3936,1
user_3937,0
user_3938,0
user_3939,0
user_3940,0
user_3941,0
user_3942,0
user_3943,0
user_3944,0
user_3945,0
user_3946,0
user_3947,0
user_3948,1
user_3949,0
user_3950,0
user_3951,0
user_3952,0
user_3953,0
user_3954,0
user_3955,0
user_3956,0
user_3957,0
user_3958,0
user_3959,0
user_3960,0
user_3961,0
user_3962,0
user_3963,0
user_3964,0
user_3965,0
user_3966,0
user_3967,1
user_3968,0
user_3969,0
user_3970,0
user_3971,0
user_3972,0
user_3973,0
user_3974,0
user_3975,0
user_3976,0
user_3977,0
user_3978,0
user_3979,0
user_3980,1
user_3981,0
user_3982,0
user_3983,0
user_3984,0
user_3985,0
user_3986,0
user_3987,0
user_3988,0
user_3989,0
user_3990,0
user_3991,0
user_3992,0
user_3993,0
user_3994,0
user_3995,0
user_3996,0
user_3997,0
user_3998,1
user_3999,0
user_4000,0
user_4001,0
user_4002,0
user_4003,0
user_4004,0
user_4005,0
user_4006,0
user_4007,0
user_4008,0
user_4009,0
user_4010,0
user_4011,0
user_4012,1
user_4013,0
user_4014,0
user_4015,0
user_4016,0
user_4017,1
user_4018,0
user_4019,0
user_4020,0
user_4021,0
user_4022,0
user_4023,0
user_4024,0
user_4025,0
user_4026,0
user_4027,0
user_4028,0
user_4029,0
user_4030,0
user_4031,0
user_4032,0
user_4033,1
user_4034,0
user_4035,0
user_4036,1
user_4037,0
user_4038,0
user_4039,0
user_4040,0
user_4041,0
user_4042,0
user_4043,0
user_4044,0
user_4045,0
user_4046,0
user_4047,0
user_4048,0
user_4049,0
user_4050,0
user_4051,0
user_4052,0
user_4053,0
user_4054,0
user_4055,0
user_4056,0
user_4057,0
user_4058,0
user_4059,0
user_4060,0
user_4061,0
user_4062,0
user_4063,0
user_4064,0
user_4065,0
user_4066,0
user_4067,0
user_4068,0
user_4069,0
user_4070,0
user_4071,0
user_4072,0
user_4073,0
user_4074,0
user_4075,0
user_4076,0
user_4077,0
user_4078,0
user_4079,0
user_4080,0
user_4081,0
user_4082,0
user_4083,0
user_4084,0
user_4085,0
user_4086,0
user_4087,0
user_4088,0
user_4089,0
user_4090,0
user_4091,0
user_4092,0
user_4093,0
user_4094,0
user_4095,0
user_4096,0
user_4097,0
user_4098,0
user_4099,0
user_4100,0
user_4101,0
user_4102,0
user_4103,0
user_4104,0
user_4105,0
user_4106,0
user_4107,0
user_4108,0
user_4109,0
user_4110,0
user_4111,0
user_4112,0
user_4113,0
user_4114,0
user_4115,0
user_4116,0
user_4117,0
user_4118,0
user_4119,0
user_4120,0
user_4121,0
user_4122,0
user_4123,0
user_4124,0
user_4125,0
user_4126,0
user_4127,0
user_4128,0
user_4129,0
user_4130,0
user_4131,0
user_4132,0
user_4133,0
user_4134,0
user_4135,0
user_4136,0
user_4137,0
user_4138,0
user_4139,0
user_4140,0
user_4141,0
user_4142,0
user_4143,0
user_4144,0
user_4145,0
user_4146,0
user_4147,0
user_4148,0
user_4149,0
user_4150,0
user_4151,0
user_4152,0
user_4153,0
user_4154,0
user_4155,0
user_4156,0
user_4157,0
user_4158,0
user_4159,0
user_4160,0
user_4161,0
user_4162,1
user_4163,0
user_4164,0
user_4165,0
user_4166,0
user_4167,0
user_4168,0
user_4169,0
user_4170,0
user_4171,0
user_4172,0
user_4173,0
user_4174,0
user_4175,0
user_4176,0
user_4177,0
user_4178,0
user_4179,0
user_4180,0
user_4181,0
user_4182,0
user_4183,0
user_4184,0
user_4185,0
user_4186,0
user_4187,0
user_4188,0
user_4189,0
user_4190,0
user_4191,0
user_4192,0
user_4193,0
user_4194,0
user_4195,0
user_4196,0
user_4197,0
user_4198,0
user_4199,0
user_4200,0
user_4201,0
user_4202,0
user_4203,0
user_4204,0
user_4205,0
user_4206,0
user_4207,0
user_4208,0
user_4209,0
user_4210,0
user_4211,0
user_4212,0
user_4213,0
user_4214,0
user_4215,0
user_4216,0
user_4217,0
user_4218,0
user_4219,0
user_4220,0
user_4221,0
user_4222,0
user_4223,0
user_4224,0
user_4225,0
user_4226,0
user_4227,0
user_4228,0
user_4229,0
user_4230,0
user_4231,0
user_4232,0
user_4233,0
user_4234,0
user_4235,1
user_4236,0
user_4237,0
user_4238,1
user_4239,0
user_4240,0
user_4241,0
user_4242,0
user_4243,0
user_4244,0
user_4245,1
user_4246,0
user_4247,1
user_4248,0
user_4249,0
user_4250,0
user_4251,1
user_4252,0
user_4253,0
user_4254,0
user_4255,0
user_4256,0
user_4257,0
user_4258,0
user_4259,0
user_4260,0
user_4261,0
user_4262,0
user_4263,0
user_4264,0
user_4265,0
user_4266,0
user_4267,1
user_4268,0
user_4269,0
user_4270,0
user_4271,0
user_4272,0
user_4273,0
user_4274,0
user_4275,0
user_4276,0
user_4277,0
user_4278,0
user_4279,0
user_4280,0
user_4281,0
user_4282,0
user_4283,0
user_4284,0
user_4285,0
user_4286,0
user_4287,0
user_4288,0
user_4289,0
user_4290,0
user_4291,0
user_4292,0
user_4293,1
user_4294,0
user_4295,0
user_4296,0
user_4297,0
user_4298,0
user_4299,0
user_4300,0
user_4301,0
user_4302,0
user_4303,0
user_4304,0
user_4305,0
user_4306,0
user_4307,0
user_4308,0
user_4309,0
user_4310,0
user_4311,0
user_4312,0
user_4313,0
user_4314,0
user_4315,0
user_4316,0
user_4317,0
user_4318,0
user_4319,0
user_4320,0
user_4321,0
user_4322,0
user_4323,0
user_4324,0
user_4325,0
user_4326,0
user_4327,0
user_4328,0
user_4329,0
user_4330,0
user_4331,0
user_4332,0
user_4333,0
user_4334,0
user_4335,0
user_4336,0
user_4337,0
user_4338,0
user_4339,0
user_4340,0
user_4341,0
user_4342,0
user_4343,0
user_4344,0
user_4345,0
user_4346,0
user_4347,0
user_4348,0
user_4349,0
user_4350,0
user_4351,0
user_4352,0
user_4353,0
user_4354,0
user_4355,0
user_4356,0
user_4357,0
user_4358,0
user_4359,0
user_4360,0
user_4361,1
user_4362,1
user_4363,0
user_4364,0
user_4365,0
user_4366,0
user_4367,0
user_4368,0
user_4369,0
user_4370,0
user_4371,0
user_4372,0
user_4373,1
user_4374,0
user_4375,0
user_4376,0
user_4377,0
user_4378,0
user_4379,0
user_4380,0
user_4381,0
user_4382,0
user_4383,0
user_4384,0
user_4385,0
user_4386,0
user_4387,0
user_4388,0
user_4389,1
user_4390,0
user_4391,0
user_4392,0
user_4393,0
user_4394,0
user_4395,0
user_4396,0
user_4397,0
user_4398,0
user_4399,0
user_4400,0
user_4401,0
user_4402,0
user_4403,0
user_4404,0
user_4405,0
user_4406,0
user_4407,0
user_4408,0
user_4409,0
user_4410,0
user_4411,0
user_4412,0
user_4413,0
user_4414,0
user_4415,0
user_4416,0
user_4417,0
user_4418,0
user_4419,0
user_4420,0
user_4421,0
user_4422,0
user_4423,0
user_4424,0
user_4425,0
user_4426,0
user_4427,0
user_4428,0
user_4429,0
user_4430,0
user_4431,0
user_4432,0
user_4433,0
user_4434,0
user_4435,0
user_4436,0
user_4437,0
user_4438,0
user_4439,0
user_4440,0
user_4441,0
user_4442,0
user_4443,0
user_4444,0
user_4445,0
user_4446,0
user_4447,0
user_4448,0
user_4449,0
user_4450,0
user_4451,0
user_4452,0
user_4453,0
user_4454,0
user_4455,0
user_4456,0
user_4457,0
user_4458,0
user_4459,0
user_4460,0
user_4461,1
user_4462,0
user_4463,0
user_4464,0
user_4465,0
user_4466,0
user_4467,0
user_4468,0
user_4469,0
user_4470,0
user_4471,0
user_4472,0
user_4473,0
user_4474,0
user_4475,0
user_4476,0
user_4477,0
user_4478,0
user_4479,0
user_4480,0
user_4481,0
user_4482,0
user_4483,0
user_4484,0
user_4485,0
user_4486,1
user_4487,0
user_4488,0
user_4489,1
user_4490,0
user_4491,0
user_4492,0
user_4493,0
user_4494,0
user_4495,0
user_4496,0
user_4497,0
user_4498,0
user_4499,1
user_4500,0
user_4501,0
user_4502,0
user_4503,0
user_4504,0
user_4505,0
user_4506,0
user_4507,0
user_4508,0
user_4509,0
user_4510,0
user_4511,0
user_4512,0
user_4513,0
user_4514,0
user_4515,0
user_4516,0
user_4517,0
user_4518,0
user_4519,0
user_4520,0
user_4521,0
user_4522,0
user_4523,0
user_4524,0
user_4525,0
user_4526,0
user_4527,0
user_4528,0
user_4529,0
user_4530,0
user_4531,0
user_4532,0
user_4533,0
user_4534,0
user_4535,0
user_4536,0
user_4537,0
user_4538,0
user_4539,0
user_4540,0
user_4541,1
user_4542,1
user_4543,1
user_4544,0
user_4545,0
user_4546,0
user_4547,0
user_4548,0
user_4549,0
user_4550,0
user_4551,0
user_4552,0
user_4553,0
user_4554,0
user_4555,0
user_4556,0
user_4557,0
user_4558,0
user_4559,1
user_4560,0
user_4561,0
user_4562,1
user_4563,0
user_4564,0
user_4565,0
user_4566,0
user_4567,0
user_4568,0
user_4569,0
user_4570,0
user_4571,0
user_4572,0
user_4573,0
user_4574,0
user_4575,0
user_4576,0
user_4577,0
user_4578,0
user_4579,0
user_4580,0
user_4581,0
user_4582,0
user_4583,0
user_4584,0
user_4585,0
user_4586,0
user_4587,0
user_4588,0
user_4589,0
user_4590,0
user_4591,0
user_4592,0
user_4593,0
user_4594,0
user_4595,0
user_4596,0
user_4597,0
user_4598,0
user_4599,0
user_4600,0
user_4601,0
user_4602,0
user_4603,0
user_4604,0
user_4605,0
user_4606,0
user_4607,0
user_4608,0
user_4609,0
user_4610,0
user_4611,0
user_4612,0
user_4613,0
user_4614,0
user_4615,0
user_4616,0
user_4617,0
user_4618,0
user_4619,0
user_4620,0
user_4621,0
user_4622,1
user_4623,0
user_4624,0
user_4625,0
user_4626,0
user_4627,0
user_4628,0
user_4629,0
user_4630,0
user_4631,0
user_4632,0
user_4633,0
user_4634,0
user_4635,0
user_4636,0
user_4637,0
user_4638,0
user_4639,0
user_4640,0
user_4641,0
user_4642,0
user_4643,0
user_4644,0
user_4645,0
user_4646,0
user_4647,0
user_4648,0
user_4649,0
user_4650,0
user_4651,0
user_4652,0
user_4653,0
user_4654,0
user_4655,0
user_4656,0
user_4657,0
user_4658,0
user_4659,0
user_4660,0
user_4661,0
user_4662,0
user_4663,0
user_4664,0
user_4665,0
user_4666,0
user_4667,0
user_4668,0
user_4669,0
user_4670,0
user_4671,0
user_4672,0
user_4673,0
user_4674,0
user_4675,0
user_4676,0
user_4677,0
user_4678,0
user_4679,0
user_4680,0
user_4681,0
user_4682,0
user_4683,0
user_4684,0
user_4685,0
user_4686,0
user_4687,0
user_4688,0
user_4689,0
user_4690,0
user_4691,0
user_4692,0
user_4693,0
user_4694,0
user_4695,0
user_4696,0
user_4697,0
user_4698,0
user_4699,0
user_4700,0
user_4701,0
user_4702,0
user_4703,0
user_4704,0
user_4705,0
user_4706,0
user_4707,0
user_4708,0
user_4709,0
user_4710,0
user_4711,0
user_4712,1
user_4713,1
user_4714,0
user_4715,0
user_4716,0
user_4717,0
user_4718,0
user_4719,0
user_4720,0
user_4721,0
user_4722,0
user_4723,0
user_4724,0
user_4725,0
user_4726,0
user_4727,0
user_4728,0
user_4729,0
user_4730,0
user_4731,0
user_4732,0
user_4733,0
user_4734,0
user_4735,0
user_4736,0
user_4737,0
user_4738,0
user_4739,0
user_4740,1
user_4741,0
user_4742,0
user_4743,0
user_4744,0
user_4745,0
user_4746,0
user_4747,0
user_4748,0
user_4749,0
user_4750,0
user_4751,0
user_4752,0
user_4753,0
user_4754,0
user_4755,0
user_4756,0
user_4757,0
user_4758,0
user_4759,0
user_4760,0
user_4761,0
user_4762,0
user_4763,0
user_4764,0
user_4765,0
user_4766,0
user_4767,0
user_4768,0
user_4769,0
user_4770,0
user_4771,0
user_4772,0
user_4773,0
user_4774,0
user_4775,0
user_4776,0
user_4777,0
user_4778,0
user_4779,1
user_4780,0
user_4781,0
user_4782,0
user_4783,0
user_4784,0
user_4785,0
user_4786,0
user_4787,1
user_4788,0
user_4789,0
user_4790,0
user_4791,0
user_4792,0
user_4793,0
user_4794,0
user_4795,0
user_4796,0
user_4797,0
user_4798,0
user_4799,0
user_4800,0
user_4801,0
user_4802,0
user_4803,0
user_4804,0
user_4805,0
user_4806,0
user_4807,0
user_4808,1
user_4809,0
user_4810,0
user_4811,0
user_4812,0
user_4813,0
user_4814,0
user_4815,0
user_4816,1
user_4817,0
user_4818,0
user_4819,0
user_4820,0
user_4821,0
user_4822,0
user_4823,0
user_4824,0
user_4825,0
user_4826,0
user_4827,0
user_4828,0
user_4829,0
user_4830,0
user_4831,0
user_4832,0
user_4833,0
user_4834,0
user_4835,0
user_4836,0
user_4837,0
user_4838,0
user_4839,1
user_4840,0
user_4841,0
user_4842,1
user_4843,0
user_4844,0
user_4845,0
user_4846,1
user_4847,0
user_4848,0
user_4849,0
user_4850,0
user_4851,0
user_4852,0
user_4853,0
user_4854,0
user_4855,0
user_4856,0
user_4857,0
user_4858,0
user_4859,0
user_4860,0
user_4861,0
user_4862,1
user_4863,0
user_4864,0
user_4865,0
user_4866,0
user_4867,0
user_4868,0
user_4869,0
user_4870,0
user_4871,0
user_4872,0
user_4873,0
user_4874,0
user_4875,0
user_4876,0
user_4877,0
user_4878,0
user_4879,0
user_4880,0
user_4881,0
user_4882,0
user_4883,0
user_4884,0
user_4885,0
user_4886,0
user_4887,0
user_4888,0
user_4889,0
user_4890,0
user_4891,0
user_4892,0
user_4893,0
user_4894,0
user_4895,0
user_4896,0
user_4897,0
user_4898,0
user_4899,0
user_4900,0
user_4901,0
user_4902,0
user_4903,0
user_4904,0
user_4905,0
user_4906,0
user_4907,0
user_4908,0
user_4909,0
user_4910,0
user_4911,0
user_4912,0
user_4913,0
user_4914,0
user_4915,0
user_4916,0
user_4917,0
user_4918,0
user_4919,0
user_4920,0
user_4921,0
user_4922,0
user_4923,0
user_4924,1
user_4925,0
user_4926,0
user_4927,0
user_4928,0
user_4929,0
user_4930,0
user_4931,0
user_4932,0
user_4933,0
user_4934,0
user_4935,0
user_4936,0
user_4937,0
user_4938,0
user_4939,0
user_4940,0
user_4941,0
user_4942,0
user_4943,0
user_4944,0
user_4945,0
user_4946,1
user_4947,0
user_4948,0
user_4949,0
user_4950,0
user_4951,0
user_4952,0
user_4953,0
user_4954,0
user_4955,0
user_4956,0
user_4957,0
user_4958,0
user_4959,0
user_4960,0
user_4961,0
user_4962,0
user_4963,0
user_4964,0
user_4965,0
user_4966,0
user_4967,0
user_4968,0
user_4969,0
user_4970,0
user_4971,0
user_4972,0
user_4973,1
user_4974,0
user_4975,0
user_4976,0
user_4977,0
user_4978,0
user_4979,0
user_4980,0
user_4981,0
user_4982,0
user_4983,0
user_4984,0
user_4985,0
user_4986,0
user_4987,0
user_4988,0
user_4989,0
user_4990,0
user_4991,0
user_4992,0
user_4993,0
user_4994,0
user_4995,0
user_4996,0
user_4997,1
user_4998,0
user_4999,0
